<beans xmlns="http://www.springframework.org/schema/beans"
	xmlns:xsi="http://www.w3.org/2001/XMLSchema-instance"
	xsi:schemaLocation="http://www.springframework.org/schema/beans 
	http://www.springframework.org/schema/beans/spring-beans-2.5.xsd">

	<bean class="org.springframework.web.servlet.mvc.support.ControllerClassNameHandlerMapping" />
    
    <bean class="com.mkyong.common.controller.CustomerController">
    	<property name="methodNameResolver">
			<bean class="org.springframework.web.servlet.mvc.multiaction.PropertiesMethodNameResolver">
				<property name="mappings">
					<props>
						<prop key="/customer/a.htm">add</prop>
						<prop key="/customer/b.htm">update</prop>
						<prop key="/customer/c.htm">delete</prop>
						<prop key="/customer/d.htm">list</prop>
						<prop key="/customer/whatever.htm">add</prop>
					</props>
				</property>
			</bean>
		</property>
    </bean>
	
	<bean id="viewResolver"
      class="org.springframework.web.servlet.view.InternalResourceViewResolver" >
         <property name="prefix">
             <value>/WEB-INF/pages/</value>
          </property>
         <property name="suffix">
            <value>.jsp</value>
         </property>
    </bean>
	
</beans>