<beans xmlns="http://www.springframework.org/schema/beans"
	xmlns:xsi="http://www.w3.org/2001/XMLSchema-instance"
	xsi:schemaLocation="http://www.springframework.org/schema/beans 
	http://www.springframework.org/schema/beans/spring-beans-2.5.xsd">

	<bean class="org.springframework.web.servlet.mvc.support.ControllerClassNameHandlerMapping" />
    
    <bean class="com.mkyong.common.controller.CustomerController">
    	<property name="methodNameResolver">
			<bean class="org.springframework.web.servlet.mvc.multiaction.InternalPathMethodNameResolver">
				<property name="prefix" value="test" />
				<property name="suffix" value="Customer" />
			</bean>
		</property>
    </bean>
	
	<bean id="viewResolver"
      class="org.springframework.web.servlet.view.InternalResourceViewResolver" >
         <property name="prefix">
             <value>/WEB-INF/pages/</value>
          </property>
         <property name="suffix">
            <value>.jsp</value>
         </property>
    </bean>
	
</beans>