<beans xmlns="http://www.springframework.org/schema/beans"
	xmlns:xsi="http://www.w3.org/2001/XMLSchema-instance"
	xsi:schemaLocation="http://www.springframework.org/schema/beans 
	http://www.springframework.org/schema/beans/spring-beans-2.5.xsd">

	<bean class="org.springframework.web.servlet.handler.SimpleUrlHandlerMapping">
		<property name="mappings">
			<value>
			/welcome.htm=welcomeController
			/*/welcome.htm=welcomeController
			/helloGuest.htm=helloGuestController
			</value>
		</property>
	</bean>
	
	<bean id="welcomeController" 
		class="com.mkyong.common.controller.WelcomeController" />
		
	<bean id="helloGuestController" 
		class="com.mkyong.common.controller.HelloGuestController" />
	
	<bean id="viewResolver"
    	class="org.springframework.web.servlet.view.InternalResourceViewResolver" >
        <property name="prefix">
            <value>/WEB-INF/pages/</value>
        </property>
        <property name="suffix">
            <value>.jsp</value>
        </property>
    </bean>

</beans>
